{"cameraMode":{"drawMode":0,"name":"Shaded","section":"Shading Mode"},"sceneLighting":true,"audioPlay":false,"sceneViewState":{"showFog":true,"showMaterialUpdate":false,"showSkybox":true,"showFlares":true,"showImageEffects":true,"showParticleSystems":true},"in2DMode":false,"pivot":{"x":194.1204833984375,"y":32.60597229003906,"z":-278.77655029296877},"rotation":{"x":0.06262531876564026,"y":0.02753906138241291,"z":0.0017285530921071768,"w":-0.9976556301116943},"size":10.321847915649414,"orthographic":false}