{"cameraMode":{"drawMode":0,"name":"Shaded","section":"Shading Mode"},"sceneLighting":true,"audioPlay":false,"sceneViewState":{"showFog":true,"showMaterialUpdate":false,"showSkybox":true,"showFlares":true,"showImageEffects":true,"showParticleSystems":true},"in2DMode":false,"pivot":{"x":-1.4322443008422852,"y":1.078498125076294,"z":0.014174222946166993},"rotation":{"x":-0.06326425075531006,"y":-0.009882817976176739,"z":0.0006265192059800029,"w":-0.9979477524757385},"size":11.169869422912598,"orthographic":false}