{"cameraMode":{"drawMode":0,"name":"Shaded","section":"Shading Mode"},"sceneLighting":true,"audioPlay":false,"sceneViewState":{"showFog":true,"showMaterialUpdate":false,"showSkybox":true,"showFlares":true,"showImageEffects":true,"showParticleSystems":true},"in2DMode":false,"pivot":{"x":6.905369281768799,"y":3.6600074768066408,"z":-9.345735549926758},"rotation":{"x":-0.006309768185019493,"y":0.003596586175262928,"z":-0.000022838250515633263,"w":-0.9999736547470093},"size":4.633536338806152,"orthographic":false}